<?xml version="1.0" encoding="UTF-8"?>
<BCState>
	<TDirCompareState>
		<Toolbars>
			<DisplayFiltersBar Value="TopDock;;0;10"/>
			<ActionsBar Value="TopDock;;0;342"/>
			<EditBar Value="TopDock;;0;191"/>
			<FileFiltersBar Value="TopDock;;1;10"/>
			<SessionsBar Value="TopDock;;1;324"/>
		</Toolbars>
	</TDirCompareState>
	<TTextCompareState>
		<Toolbars>
			<DisplayFiltersBar Value="TopDock;;0;10"/>
			<EditBar Value="TopDock;;0;191"/>
			<SearchBar Value="TopDock;;0;365"/>
			<ViewBar Value="TopDock;;0;493"/>
			<SessionsBar Value="TopDock;;1;-1;;;False"/>
		</Toolbars>
	</TTextCompareState>
</BCState>
